,ID,POZO,E_Brent,VPN_incremental_porta,VPN_Total_porta,VPN_incremental,VPN_Total,EFI_INCREMENTAL,capex,opex_basica,opex_incremental,volumen_B_LE,volumen_I_LE,volumen_T_LE,volumen_B_LE_p,volumen_I_LE_p,volumen_T_LE_p,LE_year_p,LE_year_b,lc_p,lc_b,dc_p,dc_b,opex_ing_p,capex_ing_p,impuesto_ing_p,ingreso_ing_p,abandono_ing_p,opex_ing_b,capex_ing_b,impuesto_ing_b,ingreso_ing_b,abandono_ing_b
0,0,CA97,45,2086.1532,2086.1532,2086.1532,2086.1532,3.4205293541051014,960,0,47.4431,0.0,0.23925698921241567,0.23925698921241567,0.0,0.23925698921241567,0.23925698921241567,2045.0,2045.0,0.1745,0.1745,3.5309,3.5309,28.32276818401807,915.3240856757685,1043.631191159756,4073.431212865955,0.0,28.32276818401807,915.3240856757685,1043.631191159756,4073.431212865955,0.0
1,1,CA97,50,2086.1532,2086.1532,2601.053,2601.053,4.227021635103349,960,0,47.4431,0.0,0.23925698921241567,0.23925698921241567,0.0,0.23925698921241567,0.23925698921241567,2045.0,2045.0,0.1745,0.1745,3.5309,3.5309,28.32276818401807,915.3240856757685,1043.631191159756,4073.431212865955,0.0,28.32276818401807,915.3240856757685,1266.6718427956712,4811.37164997935,0.0
2,2,CA97,55,2086.1532,2086.1532,3115.9527,3115.9527,5.033513916101597,960,0,47.4431,0.0,0.23925698921241567,0.23925698921241567,0.0,0.23925698921241567,0.23925698921241567,2045.0,2045.0,0.1745,0.1745,3.5309,3.5309,28.32276818401807,915.3240856757685,1043.631191159756,4073.431212865955,0.0,28.32276818401807,915.3240856757685,1489.7124944315863,5549.312087092749,0.0
3,3,CA97,60,2086.1532,2086.1532,3630.8525,3630.8525,5.840006197099847,960,0,47.4431,0.0,0.23925698921241567,0.23925698921241567,0.0,0.23925698921241567,0.23925698921241567,2045.0,2045.0,0.1745,0.1745,3.5309,3.5309,28.32276818401807,915.3240856757685,1043.631191159756,4073.431212865955,0.0,28.32276818401807,915.3240856757685,1712.7531460675004,6287.252524206147,0.0
4,4,CA97,65,2086.1532,2086.1532,4145.7523,4145.7523,6.646498478098094,960,0,47.4431,0.0,0.23925698921241567,0.23925698921241567,0.0,0.23925698921241567,0.23925698921241567,2045.0,2045.0,0.1745,0.1745,3.5309,3.5309,28.32276818401807,915.3240856757685,1043.631191159756,4073.431212865955,0.0,28.32276818401807,915.3240856757685,1935.7937977034155,7025.192961319543,0.0
5,5,CA97,70,2086.1532,2086.1532,4660.6521,4660.6521,7.452990759096342,960,0,47.4431,0.0,0.23925698921241567,0.23925698921241567,0.0,0.23925698921241567,0.23925698921241567,2045.0,2045.0,0.1745,0.1745,3.5309,3.5309,28.32276818401807,915.3240856757685,1043.631191159756,4073.431212865955,0.0,28.32276818401807,915.3240856757685,2158.8344493393306,7763.133398432939,0.0
6,6,CA97,75,2086.1532,2086.1532,5175.5519,5175.5519,8.259483040094592,960,0,47.4431,0.0,0.23925698921241567,0.23925698921241567,0.0,0.23925698921241567,0.23925698921241567,2045.0,2045.0,0.1745,0.1745,3.5309,3.5309,28.32276818401807,915.3240856757685,1043.631191159756,4073.431212865955,0.0,28.32276818401807,915.3240856757685,2381.8751009752445,8501.073835546338,0.0
7,7,CA92,45,-326.8809,-326.8809,-326.8809,-326.8809,0.0,350,0,0.6072,0.0,0.0008480629974264247,0.0008480629974264247,0.0,0.0008480629974264247,0.0008480629974264247,2045.0,2045.0,0.63,0.63,363.1806,363.1806,0.20729747769840157,333.71190623595726,0.0,7.03831656831362,0.0,0.20729747769840157,333.71190623595726,0.0,7.03831656831362,0.0
8,8,CA92,50,-326.8809,-326.8809,-325.6058,-325.6058,0.0,350,0,0.6072,0.0,0.0008480629974264247,0.0008480629974264247,0.0,0.0008480629974264247,0.0008480629974264247,2045.0,2045.0,0.63,0.63,363.1806,363.1806,0.20729747769840157,333.71190623595726,0.0,7.03831656831362,0.0,0.20729747769840157,333.71190623595726,0.0,8.313373917645796,0.0
9,9,CA92,55,-326.8809,-326.8809,-324.3308,-324.3308,0.0,350,0,0.6072,0.0,0.0008480629974264247,0.0008480629974264247,0.0,0.0008480629974264247,0.0008480629974264247,2045.0,2045.0,0.63,0.63,363.1806,363.1806,0.20729747769840157,333.71190623595726,0.0,7.03831656831362,0.0,0.20729747769840157,333.71190623595726,0.0,9.588431266977976,0.0
10,10,CA92,60,-326.8809,-326.8809,-323.0557,-323.0557,0.0,350,0,0.6072,0.0,0.0008480629974264247,0.0008480629974264247,0.0,0.0008480629974264247,0.0008480629974264247,2045.0,2045.0,0.63,0.63,363.1806,363.1806,0.20729747769840157,333.71190623595726,0.0,7.03831656831362,0.0,0.20729747769840157,333.71190623595726,0.0,10.863488616310153,0.0
11,11,CA92,65,-326.8809,-326.8809,-321.7807,-321.7807,0.0,350,0,0.6072,0.0,0.0008480629974264247,0.0008480629974264247,0.0,0.0008480629974264247,0.0008480629974264247,2045.0,2045.0,0.63,0.63,363.1806,363.1806,0.20729747769840157,333.71190623595726,0.0,7.03831656831362,0.0,0.20729747769840157,333.71190623595726,0.0,12.13854596564233,0.0
12,12,CA92,70,-326.8809,-326.8809,-320.5056,-320.5056,0.0,350,0,0.6072,0.0,0.0008480629974264247,0.0008480629974264247,0.0,0.0008480629974264247,0.0008480629974264247,2045.0,2045.0,0.63,0.63,363.1806,363.1806,0.20729747769840157,333.71190623595726,0.0,7.03831656831362,0.0,0.20729747769840157,333.71190623595726,0.0,13.413603314974505,0.0
13,13,CA92,75,-326.8809,-326.8809,-319.2305,-319.2305,0.0,350,0,0.6072,0.0,0.0008480629974264247,0.0008480629974264247,0.0,0.0008480629974264247,0.0008480629974264247,2045.0,2045.0,0.63,0.63,363.1806,363.1806,0.20729747769840157,333.71190623595726,0.0,7.03831656831362,0.0,0.20729747769840157,333.71190623595726,0.0,14.688660664306683,0.0
14,14,CA91,45,-323.5011,-323.5011,-323.5011,-323.5011,0.0,350,0,0.7472,0.0,0.0009815717802401634,0.0009815717802401634,0.0,0.0009815717802401634,0.0009815717802401634,2045.0,2045.0,0.6699,0.6699,313.7825,313.7825,0.3408388755154036,333.71190623595726,0.0,10.551675949375387,0.0,0.3408388755154036,333.71190623595726,0.0,10.551675949375387,0.0
15,15,CA91,50,-323.5011,-323.5011,-321.5895,-321.5895,0.0,350,0,0.7472,0.0,0.0009815717802401634,0.0009815717802401634,0.0,0.0009815717802401634,0.0009815717802401634,2045.0,2045.0,0.6699,0.6699,313.7825,313.7825,0.3408388755154036,333.71190623595726,0.0,10.551675949375387,0.0,0.3408388755154036,333.71190623595726,0.0,12.463211447450638,0.0
16,16,CA91,55,-323.5011,-323.5011,-319.678,-319.678,0.0,350,0,0.7472,0.0,0.0009815717802401634,0.0009815717802401634,0.0,0.0009815717802401634,0.0009815717802401634,2045.0,2045.0,0.6699,0.6699,313.7825,313.7825,0.3408388755154036,333.71190623595726,0.0,10.551675949375387,0.0,0.3408388755154036,333.71190623595726,0.0,14.374746945525887,0.0
17,17,CA91,60,-323.5011,-323.5011,-317.7665,-317.7665,0.0,350,0,0.7472,0.0,0.0009815717802401634,0.0009815717802401634,0.0,0.0009815717802401634,0.0009815717802401634,2045.0,2045.0,0.6699,0.6699,313.7825,313.7825,0.3408388755154036,333.71190623595726,0.0,10.551675949375387,0.0,0.3408388755154036,333.71190623595726,0.0,16.286282443601138,0.0
18,18,CA91,65,-323.5011,-323.5011,-315.8549,-315.8549,0.0,350,0,0.7472,0.0,0.0009815717802401634,0.0009815717802401634,0.0,0.0009815717802401634,0.0009815717802401634,2045.0,2045.0,0.6699,0.6699,313.7825,313.7825,0.3408388755154036,333.71190623595726,0.0,10.551675949375387,0.0,0.3408388755154036,333.71190623595726,0.0,18.19781794167639,0.0
19,19,CA91,70,-323.5011,-323.5011,-313.9434,-313.9434,0.0,350,0,0.7472,0.0,0.0009815717802401634,0.0009815717802401634,0.0,0.0009815717802401634,0.0009815717802401634,2045.0,2045.0,0.6699,0.6699,313.7825,313.7825,0.3408388755154036,333.71190623595726,0.0,10.551675949375387,0.0,0.3408388755154036,333.71190623595726,0.0,20.10935343975164,0.0
20,20,CA91,75,-323.5011,-323.5011,-312.0319,-312.0319,0.0,350,0,0.7472,0.0,0.0009815717802401634,0.0009815717802401634,0.0,0.0009815717802401634,0.0009815717802401634,2045.0,2045.0,0.6699,0.6699,313.7825,313.7825,0.3408388755154036,333.71190623595726,0.0,10.551675949375387,0.0,0.3408388755154036,333.71190623595726,0.0,22.02088893782689,0.0
21,21,CA597,45,85.257,85.257,85.257,85.257,0.4802167190404445,350,0,29.5932,0.0,0.026566016361533145,0.026566016361533145,0.0,0.026566016361533145,0.026566016361533145,2045.0,2045.0,0.9803,0.9803,11.5938,11.5938,20.889292318940914,333.71190623595726,75.13535461738563,514.9935827144068,0.0,20.889292318940914,333.71190623595726,75.13535461738563,514.9935827144068,0.0
22,22,CA597,50,85.257,85.257,150.3184,150.3184,0.7595458774163051,350,0,29.5932,0.0,0.026566016361533145,0.026566016361533145,0.0,0.026566016361533145,0.026566016361533145,2045.0,2045.0,0.9803,0.9803,11.5938,11.5938,20.889292318940914,333.71190623595726,75.13535461738563,514.9935827144068,0.0,20.889292318940914,333.71190623595726,103.36996239646695,608.2895216119441,0.0
23,23,CA597,55,85.257,85.257,215.3797,215.3797,1.0388750357921657,350,0,29.5932,0.0,0.026566016361533145,0.026566016361533145,0.0,0.026566016361533145,0.026566016361533145,2045.0,2045.0,0.9803,0.9803,11.5938,11.5938,20.889292318940914,333.71190623595726,75.13535461738563,514.9935827144068,0.0,20.889292318940914,333.71190623595726,131.60457017554842,701.5854605094814,0.0
24,24,CA597,60,85.257,85.257,280.441,280.441,1.3182041941680265,350,0,29.5932,0.0,0.026566016361533145,0.026566016361533145,0.0,0.026566016361533145,0.026566016361533145,2045.0,2045.0,0.9803,0.9803,11.5938,11.5938,20.889292318940914,333.71190623595726,75.13535461738563,514.9935827144068,0.0,20.889292318940914,333.71190623595726,159.83917795462972,794.8813994070192,0.0
25,25,CA597,65,85.257,85.257,345.5024,345.5024,1.597533352543887,350,0,29.5932,0.0,0.026566016361533145,0.026566016361533145,0.0,0.026566016361533145,0.026566016361533145,2045.0,2045.0,0.9803,0.9803,11.5938,11.5938,20.889292318940914,333.71190623595726,75.13535461738563,514.9935827144068,0.0,20.889292318940914,333.71190623595726,188.07378573371093,888.1773383045563,0.0
26,26,CA597,70,85.257,85.257,410.5637,410.5637,1.876862510919747,350,0,29.5932,0.0,0.026566016361533145,0.026566016361533145,0.0,0.026566016361533145,0.026566016361533145,2045.0,2045.0,0.9803,0.9803,11.5938,11.5938,20.889292318940914,333.71190623595726,75.13535461738563,514.9935827144068,0.0,20.889292318940914,333.71190623595726,216.30839351279246,981.4732772020939,0.0
27,27,CA597,75,85.257,85.257,475.625,475.625,2.1561916692956076,350,0,29.5932,0.0,0.026566016361533145,0.026566016361533145,0.0,0.026566016361533145,0.026566016361533145,2045.0,2045.0,0.9803,0.9803,11.5938,11.5938,20.889292318940914,333.71190623595726,75.13535461738563,514.9935827144068,0.0,20.889292318940914,333.71190623595726,244.54300129187365,1074.7692160996312,0.0
28,28,CA52,45,-913.6396,-913.6396,-913.6396,-913.6396,0.0,960,0,0.4338,0.0,0.0006462117453205437,0.0006462117453205437,0.0,0.0006462117453205437,0.0006462117453205437,2045.0,2045.0,0.5907,0.5907,1307.3114,1307.3114,0.04199013125976286,915.3240856757685,0.0,1.7264863259942878,0.0,0.04199013125976286,915.3240856757685,0.0,1.7264863259942878,0.0
29,29,CA52,50,-913.6396,-913.6396,-913.3268,-913.3268,0.0,960,0,0.4338,0.0,0.0006462117453205437,0.0006462117453205437,0.0,0.0006462117453205437,0.0006462117453205437,2045.0,2045.0,0.5907,0.5907,1307.3114,1307.3114,0.04199013125976286,915.3240856757685,0.0,1.7264863259942878,0.0,0.04199013125976286,915.3240856757685,0.0,2.0392555879497745,0.0
30,30,CA52,55,-913.6396,-913.6396,-913.0141,-913.0141,0.0,960,0,0.4338,0.0,0.0006462117453205437,0.0006462117453205437,0.0,0.0006462117453205437,0.0006462117453205437,2045.0,2045.0,0.5907,0.5907,1307.3114,1307.3114,0.04199013125976286,915.3240856757685,0.0,1.7264863259942878,0.0,0.04199013125976286,915.3240856757685,0.0,2.3520248499052614,0.0
31,31,CA52,60,-913.6396,-913.6396,-912.7013,-912.7013,0.0,960,0,0.4338,0.0,0.0006462117453205437,0.0006462117453205437,0.0,0.0006462117453205437,0.0006462117453205437,2045.0,2045.0,0.5907,0.5907,1307.3114,1307.3114,0.04199013125976286,915.3240856757685,0.0,1.7264863259942878,0.0,0.04199013125976286,915.3240856757685,0.0,2.6647941118607483,0.0
32,32,CA52,65,-913.6396,-913.6396,-912.3885,-912.3885,0.0,960,0,0.4338,0.0,0.0006462117453205437,0.0006462117453205437,0.0,0.0006462117453205437,0.0006462117453205437,2045.0,2045.0,0.5907,0.5907,1307.3114,1307.3114,0.04199013125976286,915.3240856757685,0.0,1.7264863259942878,0.0,0.04199013125976286,915.3240856757685,0.0,2.9775633738162353,0.0
33,33,CA52,70,-913.6396,-913.6396,-912.0757,-912.0757,0.0,960,0,0.4338,0.0,0.0006462117453205437,0.0006462117453205437,0.0,0.0006462117453205437,0.0006462117453205437,2045.0,2045.0,0.5907,0.5907,1307.3114,1307.3114,0.04199013125976286,915.3240856757685,0.0,1.7264863259942878,0.0,0.04199013125976286,915.3240856757685,0.0,3.2903326357717217,0.0
34,34,CA52,75,-913.6396,-913.6396,-911.763,-911.763,0.0,960,0,0.4338,0.0,0.0006462117453205437,0.0006462117453205437,0.0,0.0006462117453205437,0.0006462117453205437,2045.0,2045.0,0.5907,0.5907,1307.3114,1307.3114,0.04199013125976286,915.3240856757685,0.0,1.7264863259942878,0.0,0.04199013125976286,915.3240856757685,0.0,3.6031018977272087,0.0
35,35,CA457,45,-176.448,-176.448,-176.448,-176.448,0.0,350,0,7.398,0.0,0.009485224982550833,0.009485224982550833,0.0,0.009485224982550833,0.009485224982550833,2045.0,2045.0,0.6864,0.6864,32.4716,32.4716,4.584039779425772,333.71190623595726,0.0,161.84792242062824,0.0,4.584039779425772,333.71190623595726,0.0,161.84792242062824,0.0
36,36,CA457,50,-176.448,-176.448,-147.1277,-147.1277,0.0,350,0,7.398,0.0,0.009485224982550833,0.009485224982550833,0.0,0.009485224982550833,0.009485224982550833,2045.0,2045.0,0.6864,0.6864,32.4716,32.4716,4.584039779425772,333.71190623595726,0.0,161.84792242062824,0.0,4.584039779425772,333.71190623595726,0.0,191.16819822146675,0.0
37,37,CA457,55,-176.448,-176.448,-117.8075,-117.8075,0.0,350,0,7.398,0.0,0.009485224982550833,0.009485224982550833,0.0,0.009485224982550833,0.009485224982550833,2045.0,2045.0,0.6864,0.6864,32.4716,32.4716,4.584039779425772,333.71190623595726,0.0,161.84792242062824,0.0,4.584039779425772,333.71190623595726,0.0,220.4884740223051,0.0
38,38,CA457,60,-176.448,-176.448,-97.203,-97.203,0.0,350,0,7.398,0.0,0.009485224982550833,0.009485224982550833,0.0,0.009485224982550833,0.009485224982550833,2045.0,2045.0,0.6864,0.6864,32.4716,32.4716,4.584039779425772,333.71190623595726,0.0,161.84792242062824,0.0,4.584039779425772,333.71190623595726,8.715843564625944,249.8087498231435,0.0
39,39,CA457,65,-176.448,-176.448,-76.7428,-76.7428,0.0,350,0,7.398,0.0,0.009485224982550833,0.009485224982550833,0.0,0.009485224982550833,0.009485224982550833,2045.0,2045.0,0.6864,0.6864,32.4716,32.4716,4.584039779425772,333.71190623595726,0.0,161.84792242062824,0.0,4.584039779425772,333.71190623595726,17.57587355239677,279.129025623982,0.0
40,40,CA457,70,-176.448,-176.448,-56.2825,-56.2825,0.0,350,0,7.398,0.0,0.009485224982550833,0.009485224982550833,0.0,0.009485224982550833,0.009485224982550833,2045.0,2045.0,0.6864,0.6864,32.4716,32.4716,4.584039779425772,333.71190623595726,0.0,161.84792242062824,0.0,4.584039779425772,333.71190623595726,26.435903540167608,308.44930142482053,0.0
41,41,CA457,75,-176.448,-176.448,-35.8223,-35.8223,0.0,350,0,7.398,0.0,0.009485224982550833,0.009485224982550833,0.0,0.009485224982550833,0.009485224982550833,2045.0,2045.0,0.6864,0.6864,32.4716,32.4716,4.584039779425772,333.71190623595726,0.0,161.84792242062824,0.0,4.584039779425772,333.71190623595726,35.29593352793845,337.769577225659,0.0
42,42,CA426,45,-241.5991,-241.5991,-241.5991,-241.5991,0.0,350,0,4.5988,0.0,0.0043858939278032995,0.0043858939278032995,0.0,0.0043858939278032995,0.0043858939278032995,2045.0,2045.0,0.9227,0.9227,70.2251,70.2251,3.847418479178259,333.71190623595726,0.0,95.96018000714078,0.0,3.847418479178259,333.71190623595726,0.0,95.96018000714078,0.0
43,43,CA426,50,-241.5991,-241.5991,-224.2151,-224.2151,0.0,350,0,4.5988,0.0,0.0043858939278032995,0.0043858939278032995,0.0,0.0043858939278032995,0.0043858939278032995,2045.0,2045.0,0.9227,0.9227,70.2251,70.2251,3.847418479178259,333.71190623595726,0.0,95.96018000714078,0.0,3.847418479178259,333.71190623595726,0.0,113.34427058814452,0.0
44,44,CA426,55,-241.5991,-241.5991,-206.831,-206.831,0.0,350,0,4.5988,0.0,0.0043858939278032995,0.0043858939278032995,0.0,0.0043858939278032995,0.0043858939278032995,2045.0,2045.0,0.9227,0.9227,70.2251,70.2251,3.847418479178259,333.71190623595726,0.0,95.96018000714078,0.0,3.847418479178259,333.71190623595726,0.0,130.7283611691483,0.0
45,45,CA426,60,-241.5991,-241.5991,-189.4469,-189.4469,0.0,350,0,4.5988,0.0,0.0043858939278032995,0.0043858939278032995,0.0,0.0043858939278032995,0.0043858939278032995,2045.0,2045.0,0.9227,0.9227,70.2251,70.2251,3.847418479178259,333.71190623595726,0.0,95.96018000714078,0.0,3.847418479178259,333.71190623595726,0.0,148.11245175015208,0.0
46,46,CA426,65,-241.5991,-241.5991,-172.0628,-172.0628,0.0,350,0,4.5988,0.0,0.0043858939278032995,0.0043858939278032995,0.0,0.0043858939278032995,0.0043858939278032995,2045.0,2045.0,0.9227,0.9227,70.2251,70.2251,3.847418479178259,333.71190623595726,0.0,95.96018000714078,0.0,3.847418479178259,333.71190623595726,0.0,165.49654233115578,0.0
47,47,CA426,70,-241.5991,-241.5991,-154.6787,-154.6787,0.0,350,0,4.5988,0.0,0.0043858939278032995,0.0043858939278032995,0.0,0.0043858939278032995,0.0043858939278032995,2045.0,2045.0,0.9227,0.9227,70.2251,70.2251,3.847418479178259,333.71190623595726,0.0,95.96018000714078,0.0,3.847418479178259,333.71190623595726,0.0,182.8806329121596,0.0
48,48,CA426,75,-241.5991,-241.5991,-137.2946,-137.2946,0.0,350,0,4.5988,0.0,0.0043858939278032995,0.0043858939278032995,0.0,0.0043858939278032995,0.0043858939278032995,2045.0,2045.0,0.9227,0.9227,70.2251,70.2251,3.847418479178259,333.71190623595726,0.0,95.96018000714078,0.0,3.847418479178259,333.71190623595726,0.0,200.2647234931633,0.0
49,49,CA405,45,2782.7977,2782.7977,2782.7977,2782.7977,4.474620193957833,960,0,31.3132,0.0,0.25917836217840967,0.25917836217840967,0.0,0.25917836217840967,0.25917836217840967,2045.0,2045.0,0.1063,0.1063,3.2595,3.2595,21.048664898328912,915.3240856757685,1311.47978117739,5030.650228045515,0.0,21.048664898328912,915.3240856757685,1311.47978117739,5030.650228045515,0.0
50,50,CA405,50,2782.7977,2782.7977,3418.3984,3418.3984,5.470630772093083,960,0,31.3132,0.0,0.25917836217840967,0.25917836217840967,0.0,0.25917836217840967,0.25917836217840967,2045.0,2045.0,0.1063,0.1063,3.2595,3.2595,21.048664898328912,915.3240856757685,1311.47978117739,5030.650228045515,0.0,21.048664898328912,915.3240856757685,1587.2287674107695,5941.999907039266,0.0
51,51,CA405,55,2782.7977,2782.7977,4053.9991,4053.9991,6.4666413502283335,960,0,31.3132,0.0,0.25917836217840967,0.25917836217840967,0.0,0.25917836217840967,0.25917836217840967,2045.0,2045.0,0.1063,0.1063,3.2595,3.2595,21.048664898328912,915.3240856757685,1311.47978117739,5030.650228045515,0.0,21.048664898328912,915.3240856757685,1862.9777536441488,6853.3495860330195,0.0
52,52,CA405,60,2782.7977,2782.7977,4689.5998,4689.5998,7.46265192836358,960,0,31.3132,0.0,0.25917836217840967,0.25917836217840967,0.0,0.25917836217840967,0.25917836217840967,2045.0,2045.0,0.1063,0.1063,3.2595,3.2595,21.048664898328912,915.3240856757685,1311.47978117739,5030.650228045515,0.0,21.048664898328912,915.3240856757685,2138.726739877528,7764.699265026774,0.0
53,53,CA405,65,2782.7977,2782.7977,5325.2005,5325.2005,8.458662506498827,960,0,31.3132,0.0,0.25917836217840967,0.25917836217840967,0.0,0.25917836217840967,0.25917836217840967,2045.0,2045.0,0.1063,0.1063,3.2595,3.2595,21.048664898328912,915.3240856757685,1311.47978117739,5030.650228045515,0.0,21.048664898328912,915.3240856757685,2414.4757261109094,8676.048944020522,0.0
54,54,CA405,70,2782.7977,2782.7977,5960.8012,5960.8012,9.454673084634077,960,0,31.3132,0.0,0.25917836217840967,0.25917836217840967,0.0,0.25917836217840967,0.25917836217840967,2045.0,2045.0,0.1063,0.1063,3.2595,3.2595,21.048664898328912,915.3240856757685,1311.47978117739,5030.650228045515,0.0,21.048664898328912,915.3240856757685,2690.2247123442876,9587.398623014276,0.0
55,55,CA405,75,2782.7977,2782.7977,6596.4019,6596.4019,10.450683662769327,960,0,31.3132,0.0,0.25917836217840967,0.25917836217840967,0.0,0.25917836217840967,0.25917836217840967,2045.0,2045.0,0.1063,0.1063,3.2595,3.2595,21.048664898328912,915.3240856757685,1311.47978117739,5030.650228045515,0.0,21.048664898328912,915.3240856757685,2965.973698577667,10498.748302008029,0.0
56,56,CA231,45,-913.6396,-913.6396,-913.6396,-913.6396,0.0,960,0,0.4338,0.0,0.0006462117453205437,0.0006462117453205437,0.0,0.0006462117453205437,0.0006462117453205437,2045.0,2045.0,0.5907,0.5907,1307.3114,1307.3114,0.04199013125976286,915.3240856757685,0.0,1.7264863259942878,0.0,0.04199013125976286,915.3240856757685,0.0,1.7264863259942878,0.0
57,57,CA231,50,-913.6396,-913.6396,-913.3268,-913.3268,0.0,960,0,0.4338,0.0,0.0006462117453205437,0.0006462117453205437,0.0,0.0006462117453205437,0.0006462117453205437,2045.0,2045.0,0.5907,0.5907,1307.3114,1307.3114,0.04199013125976286,915.3240856757685,0.0,1.7264863259942878,0.0,0.04199013125976286,915.3240856757685,0.0,2.0392555879497745,0.0
58,58,CA231,55,-913.6396,-913.6396,-913.0141,-913.0141,0.0,960,0,0.4338,0.0,0.0006462117453205437,0.0006462117453205437,0.0,0.0006462117453205437,0.0006462117453205437,2045.0,2045.0,0.5907,0.5907,1307.3114,1307.3114,0.04199013125976286,915.3240856757685,0.0,1.7264863259942878,0.0,0.04199013125976286,915.3240856757685,0.0,2.3520248499052614,0.0
59,59,CA231,60,-913.6396,-913.6396,-912.7013,-912.7013,0.0,960,0,0.4338,0.0,0.0006462117453205437,0.0006462117453205437,0.0,0.0006462117453205437,0.0006462117453205437,2045.0,2045.0,0.5907,0.5907,1307.3114,1307.3114,0.04199013125976286,915.3240856757685,0.0,1.7264863259942878,0.0,0.04199013125976286,915.3240856757685,0.0,2.6647941118607483,0.0
60,60,CA231,65,-913.6396,-913.6396,-912.3885,-912.3885,0.0,960,0,0.4338,0.0,0.0006462117453205437,0.0006462117453205437,0.0,0.0006462117453205437,0.0006462117453205437,2045.0,2045.0,0.5907,0.5907,1307.3114,1307.3114,0.04199013125976286,915.3240856757685,0.0,1.7264863259942878,0.0,0.04199013125976286,915.3240856757685,0.0,2.9775633738162353,0.0
61,61,CA231,70,-913.6396,-913.6396,-912.0757,-912.0757,0.0,960,0,0.4338,0.0,0.0006462117453205437,0.0006462117453205437,0.0,0.0006462117453205437,0.0006462117453205437,2045.0,2045.0,0.5907,0.5907,1307.3114,1307.3114,0.04199013125976286,915.3240856757685,0.0,1.7264863259942878,0.0,0.04199013125976286,915.3240856757685,0.0,3.2903326357717217,0.0
62,62,CA231,75,-913.6396,-913.6396,-911.763,-911.763,0.0,960,0,0.4338,0.0,0.0006462117453205437,0.0006462117453205437,0.0,0.0006462117453205437,0.0006462117453205437,2045.0,2045.0,0.5907,0.5907,1307.3114,1307.3114,0.04199013125976286,915.3240856757685,0.0,1.7264863259942878,0.0,0.04199013125976286,915.3240856757685,0.0,3.6031018977272087,0.0
63,63,CA205,45,712.0628,712.0628,712.0628,712.0628,1.2303126437191743,960,0,32.6505,0.0,0.10649328821953519,0.10649328821953519,0.0,0.10649328821953519,0.10649328821953519,2045.0,2045.0,0.2698,0.2698,7.9329,7.9329,22.47227924788379,915.3240856757685,413.67329174259874,2063.5324339266967,0.0,22.47227924788379,915.3240856757685,413.67329174259874,2063.5324339266967,0.0
64,64,CA205,50,712.0628,712.0628,972.7704,972.7704,1.6388682059918231,960,0,32.6505,0.0,0.10649328821953519,0.10649328821953519,0.0,0.10649328821953519,0.10649328821953519,2045.0,2045.0,0.2698,0.2698,7.9329,7.9329,22.47227924788379,915.3240856757685,413.67329174259874,2063.5324339266967,0.0,22.47227924788379,915.3240856757685,526.7940355913695,2437.3607734061693,0.0
65,65,CA205,55,712.0628,712.0628,1233.478,1233.478,2.047423768264472,960,0,32.6505,0.0,0.10649328821953519,0.10649328821953519,0.0,0.10649328821953519,0.10649328821953519,2045.0,2045.0,0.2698,0.2698,7.9329,7.9329,22.47227924788379,915.3240856757685,413.67329174259874,2063.5324339266967,0.0,22.47227924788379,915.3240856757685,639.9147794401403,2811.189112885644,0.0
66,66,CA205,60,712.0628,712.0628,1494.1856,1494.1856,2.455979330537121,960,0,32.6505,0.0,0.10649328821953519,0.10649328821953519,0.0,0.10649328821953519,0.10649328821953519,2045.0,2045.0,0.2698,0.2698,7.9329,7.9329,22.47227924788379,915.3240856757685,413.67329174259874,2063.5324339266967,0.0,22.47227924788379,915.3240856757685,753.0355232889109,3185.0174523651176,0.0
67,67,CA205,65,712.0628,712.0628,1754.8932,1754.8932,2.8645348928097705,960,0,32.6505,0.0,0.10649328821953519,0.10649328821953519,0.0,0.10649328821953519,0.10649328821953519,2045.0,2045.0,0.2698,0.2698,7.9329,7.9329,22.47227924788379,915.3240856757685,413.67329174259874,2063.5324339266967,0.0,22.47227924788379,915.3240856757685,866.1562671376814,3558.8457918445924,0.0
68,68,CA205,70,712.0628,712.0628,2015.6008,2015.6008,3.2730904550824205,960,0,32.6505,0.0,0.10649328821953519,0.10649328821953519,0.0,0.10649328821953519,0.10649328821953519,2045.0,2045.0,0.2698,0.2698,7.9329,7.9329,22.47227924788379,915.3240856757685,413.67329174259874,2063.5324339266967,0.0,22.47227924788379,915.3240856757685,979.2770109864523,3932.6741313240655,0.0
69,69,CA205,75,712.0628,712.0628,2276.3084,2276.3084,3.681646017355068,960,0,32.6505,0.0,0.10649328821953519,0.10649328821953519,0.0,0.10649328821953519,0.10649328821953519,2045.0,2045.0,0.2698,0.2698,7.9329,7.9329,22.47227924788379,915.3240856757685,413.67329174259874,2063.5324339266967,0.0,22.47227924788379,915.3240856757685,1092.3977548352232,4306.502470803542,0.0
70,70,CA191,45,3497.4593,3497.4593,3497.4593,3497.4593,5.633959495875915,960,0,52.0381,0.0,0.3649753631250312,0.3649753631250312,0.0,0.3649753631250312,0.3649753631250312,2045.0,2045.0,0.1255,0.1255,2.3147,2.3147,30.160063548097206,915.3240856757685,1657.613593259965,6100.557087950329,0.0,30.160063548097206,915.3240856757685,1657.613593259965,6100.557087950329,0.0
71,71,CA191,50,3497.4593,3497.4593,4268.8822,4268.8822,6.841799261447774,960,0,52.0381,0.0,0.3649753631250312,0.3649753631250312,0.0,0.3649753631250312,0.3649753631250312,2045.0,2045.0,0.1255,0.1255,2.3147,2.3147,30.160063548097206,915.3240856757685,1657.613593259965,6100.557087950329,0.0,30.160063548097206,915.3240856757685,1991.3641669225347,7205.73047344858,0.0
72,72,CA191,55,3497.4593,3497.4593,5040.305,5040.305,8.049639027019627,960,0,52.0381,0.0,0.3649753631250312,0.3649753631250312,0.0,0.3649753631250312,0.3649753631250312,2045.0,2045.0,0.1255,0.1255,2.3147,2.3147,30.160063548097206,915.3240856757685,1657.613593259965,6100.557087950329,0.0,30.160063548097206,915.3240856757685,2325.1147405851057,8310.903858946824,0.0
73,73,CA191,60,3497.4593,3497.4593,5811.7278,5811.7278,9.257478792591481,960,0,52.0381,0.0,0.3649753631250312,0.3649753631250312,0.0,0.3649753631250312,0.3649753631250312,2045.0,2045.0,0.1255,0.1255,2.3147,2.3147,30.160063548097206,915.3240856757685,1657.613593259965,6100.557087950329,0.0,30.160063548097206,915.3240856757685,2658.865314247675,9416.077244445072,0.0
74,74,CA191,65,3497.4593,3497.4593,6583.1506,6583.1506,10.46531855816334,960,0,52.0381,0.0,0.3649753631250312,0.3649753631250312,0.0,0.3649753631250312,0.3649753631250312,2045.0,2045.0,0.1255,0.1255,2.3147,2.3147,30.160063548097206,915.3240856757685,1657.613593259965,6100.557087950329,0.0,30.160063548097206,915.3240856757685,2992.615887910244,10521.25062994332,0.0
75,75,CA191,70,3497.4593,3497.4593,7354.5734,7354.5734,11.673158323735192,960,0,52.0381,0.0,0.3649753631250312,0.3649753631250312,0.0,0.3649753631250312,0.3649753631250312,2045.0,2045.0,0.1255,0.1255,2.3147,2.3147,30.160063548097206,915.3240856757685,1657.613593259965,6100.557087950329,0.0,30.160063548097206,915.3240856757685,3326.3664615728153,11626.424015441566,0.0
76,76,CA191,75,3497.4593,3497.4593,8125.9962,8125.9962,12.880998089307045,960,0,52.0381,0.0,0.3649753631250312,0.3649753631250312,0.0,0.3649753631250312,0.3649753631250312,2045.0,2045.0,0.1255,0.1255,2.3147,2.3147,30.160063548097206,915.3240856757685,1657.613593259965,6100.557087950329,0.0,30.160063548097206,915.3240856757685,3660.117035235384,12731.597400939816,0.0
77,77,CA166,45,724.0348,724.0348,724.0348,724.0348,3.245098178878503,350,0,25.5262,0.0,0.07992560628215518,0.07992560628215518,0.0,0.07992560628215518,0.07992560628215518,2045.0,2045.0,0.281,0.281,3.8536,3.8536,16.177475911082265,333.71190623595726,359.8280181429048,1433.75217389246,0.0,16.177475911082265,333.71190623595726,359.8280181429048,1433.75217389246,0.0
78,78,CA166,50,724.0348,724.0348,905.2394,905.2394,4.022756001218855,350,0,25.5262,0.0,0.07992560628215518,0.07992560628215518,0.0,0.07992560628215518,0.07992560628215518,2045.0,2045.0,0.281,0.281,3.8536,3.8536,16.177475911082265,333.71190623595726,359.8280181429048,1433.75217389246,0.0,16.177475911082265,333.71190623595726,438.3610701963396,1693.4898865541375,0.0
79,79,CA166,55,724.0348,724.0348,1086.4441,1086.4441,4.800413823559209,350,0,25.5262,0.0,0.07992560628215518,0.07992560628215518,0.0,0.07992560628215518,0.07992560628215518,2045.0,2045.0,0.281,0.281,3.8536,3.8536,16.177475911082265,333.71190623595726,359.8280181429048,1433.75217389246,0.0,16.177475911082265,333.71190623595726,516.8941222497746,1953.227599215815,0.0
80,80,CA166,60,724.0348,724.0348,1267.6488,1267.6488,5.57807164589956,350,0,25.5262,0.0,0.07992560628215518,0.07992560628215518,0.0,0.07992560628215518,0.07992560628215518,2045.0,2045.0,0.281,0.281,3.8536,3.8536,16.177475911082265,333.71190623595726,359.8280181429048,1433.75217389246,0.0,16.177475911082265,333.71190623595726,595.427174303209,2212.9653118774922,0.0
81,81,CA166,65,724.0348,724.0348,1448.8534,1448.8534,6.3557294682399075,350,0,25.5262,0.0,0.07992560628215518,0.07992560628215518,0.0,0.07992560628215518,0.07992560628215518,2045.0,2045.0,0.281,0.281,3.8536,3.8536,16.177475911082265,333.71190623595726,359.8280181429048,1433.75217389246,0.0,16.177475911082265,333.71190623595726,673.9602263566442,2472.70302453917,0.0
82,82,CA166,70,724.0348,724.0348,1630.0581,1630.0581,7.133387290580262,350,0,25.5262,0.0,0.07992560628215518,0.07992560628215518,0.0,0.07992560628215518,0.07992560628215518,2045.0,2045.0,0.281,0.281,3.8536,3.8536,16.177475911082265,333.71190623595726,359.8280181429048,1433.75217389246,0.0,16.177475911082265,333.71190623595726,752.4932784100788,2732.4407372008477,0.0
83,83,CA166,75,724.0348,724.0348,1811.2627,1811.2627,7.911045112920613,350,0,25.5262,0.0,0.07992560628215518,0.07992560628215518,0.0,0.07992560628215518,0.07992560628215518,2045.0,2045.0,0.281,0.281,3.8536,3.8536,16.177475911082265,333.71190623595726,359.8280181429048,1433.75217389246,0.0,16.177475911082265,333.71190623595726,831.0263304635134,2992.1784498625248,0.0
84,84,CA163,45,1074.9777,1074.9777,1074.9777,1074.9777,4.773699050183372,350,0,83.577,0.0,0.12731673338908217,0.12731673338908217,0.0,0.12731673338908217,0.12731673338908217,2045.0,2045.0,0.5777,0.5777,2.4192,2.4192,46.38759627970445,333.71190623595726,519.4377884611988,1974.514985276908,0.0,46.38759627970445,333.71190623595726,519.4377884611988,1974.514985276908,0.0
85,85,CA163,50,1074.9777,1074.9777,1325.3691,1325.3691,5.844663092358212,350,0,83.577,0.0,0.12731673338908217,0.12731673338908217,0.0,0.12731673338908217,0.12731673338908217,2045.0,2045.0,0.5777,0.5777,2.4192,2.4192,46.38759627970445,333.71190623595726,519.4377884611988,1974.514985276908,0.0,46.38759627970445,333.71190623595726,626.7483854871174,2332.2169753633043,0.0
86,86,CA163,55,1074.9777,1074.9777,1575.7605,1575.7605,6.915627134533051,350,0,83.577,0.0,0.12731673338908217,0.12731673338908217,0.0,0.12731673338908217,0.12731673338908217,2045.0,2045.0,0.5777,0.5777,2.4192,2.4192,46.38759627970445,333.71190623595726,519.4377884611988,1974.514985276908,0.0,46.38759627970445,333.71190623595726,734.0589825130367,2689.9189654497,0.0
87,87,CA163,60,1074.9777,1074.9777,1826.1519,1826.1519,7.98659117670789,350,0,83.577,0.0,0.12731673338908217,0.12731673338908217,0.0,0.12731673338908217,0.12731673338908217,2045.0,2045.0,0.5777,0.5777,2.4192,2.4192,46.38759627970445,333.71190623595726,519.4377884611988,1974.514985276908,0.0,46.38759627970445,333.71190623595726,841.3695795389553,3047.620955536097,0.0
88,88,CA163,65,1074.9777,1074.9777,2076.5433,2076.5433,9.057555218882731,350,0,83.577,0.0,0.12731673338908217,0.12731673338908217,0.0,0.12731673338908217,0.12731673338908217,2045.0,2045.0,0.5777,0.5777,2.4192,2.4192,46.38759627970445,333.71190623595726,519.4377884611988,1974.514985276908,0.0,46.38759627970445,333.71190623595726,948.6801765648746,3405.3229456224935,0.0
89,89,CA163,70,1074.9777,1074.9777,2326.9347,2326.9347,10.12851926105757,350,0,83.577,0.0,0.12731673338908217,0.12731673338908217,0.0,0.12731673338908217,0.12731673338908217,2045.0,2045.0,0.5777,0.5777,2.4192,2.4192,46.38759627970445,333.71190623595726,519.4377884611988,1974.514985276908,0.0,46.38759627970445,333.71190623595726,1055.9907735907932,3763.0249357088896,0.0
90,90,CA163,75,1074.9777,1074.9777,2577.3261,2577.3261,11.199483303232405,350,0,83.577,0.0,0.12731673338908217,0.12731673338908217,0.0,0.12731673338908217,0.12731673338908217,2045.0,2045.0,0.5777,0.5777,2.4192,2.4192,46.38759627970445,333.71190623595726,519.4377884611988,1974.514985276908,0.0,46.38759627970445,333.71190623595726,1163.3013706167123,4120.726925795286,0.0
91,91,CA148,45,-290.828,-290.828,-290.828,-290.828,0.0,350,0,0.7889,0.0,0.0022246670609637788,0.0022246670609637788,0.0,0.0022246670609637788,0.0022246670609637788,2045.0,2045.0,0.3121,0.3121,138.4477,138.4477,0.3805658947873382,333.71190623595726,0.0,43.26443367241631,0.0,0.3805658947873382,333.71190623595726,0.0,43.26443367241631,0.0
92,92,CA148,50,-290.828,-290.828,-282.9903,-282.9903,0.0,350,0,0.7889,0.0,0.0022246670609637788,0.0022246670609637788,0.0,0.0022246670609637788,0.0022246670609637788,2045.0,2045.0,0.3121,0.3121,138.4477,138.4477,0.3805658947873382,333.71190623595726,0.0,43.26443367241631,0.0,0.3805658947873382,333.71190623595726,0.0,51.10219339568013,0.0
93,93,CA148,55,-290.828,-290.828,-275.1525,-275.1525,0.0,350,0,0.7889,0.0,0.0022246670609637788,0.0022246670609637788,0.0,0.0022246670609637788,0.0022246670609637788,2045.0,2045.0,0.3121,0.3121,138.4477,138.4477,0.3805658947873382,333.71190623595726,0.0,43.26443367241631,0.0,0.3805658947873382,333.71190623595726,0.0,58.939953118943954,0.0
94,94,CA148,60,-290.828,-290.828,-267.3148,-267.3148,0.0,350,0,0.7889,0.0,0.0022246670609637788,0.0022246670609637788,0.0,0.0022246670609637788,0.0022246670609637788,2045.0,2045.0,0.3121,0.3121,138.4477,138.4477,0.3805658947873382,333.71190623595726,0.0,43.26443367241631,0.0,0.3805658947873382,333.71190623595726,0.0,66.77771284220778,0.0
95,95,CA148,65,-290.828,-290.828,-259.477,-259.477,0.0,350,0,0.7889,0.0,0.0022246670609637788,0.0022246670609637788,0.0,0.0022246670609637788,0.0022246670609637788,2045.0,2045.0,0.3121,0.3121,138.4477,138.4477,0.3805658947873382,333.71190623595726,0.0,43.26443367241631,0.0,0.3805658947873382,333.71190623595726,0.0,74.61547256547159,0.0
96,96,CA148,70,-290.828,-290.828,-251.6392,-251.6392,0.0,350,0,0.7889,0.0,0.0022246670609637788,0.0022246670609637788,0.0,0.0022246670609637788,0.0022246670609637788,2045.0,2045.0,0.3121,0.3121,138.4477,138.4477,0.3805658947873382,333.71190623595726,0.0,43.26443367241631,0.0,0.3805658947873382,333.71190623595726,0.0,82.45323228873542,0.0
97,97,CA148,75,-290.828,-290.828,-243.8015,-243.8015,0.0,350,0,0.7889,0.0,0.0022246670609637788,0.0022246670609637788,0.0,0.0022246670609637788,0.0022246670609637788,2045.0,2045.0,0.3121,0.3121,138.4477,138.4477,0.3805658947873382,333.71190623595726,0.0,43.26443367241631,0.0,0.3805658947873382,333.71190623595726,0.0,90.29099201199925,0.0
98,98,CA138,45,1961.1673,1961.1673,1961.1673,1961.1673,8.569814920281292,350,0,105.5207,0.0,0.19376978283786475,0.19376978283786475,0.0,0.19376978283786475,0.19376978283786475,2045.0,2045.0,0.4792,0.4792,1.5895,1.5895,63.60054484881737,333.71190623595726,901.1509029511877,3259.630634458727,0.0,63.60054484881737,333.71190623595726,901.1509029511877,3259.630634458727,0.0
99,99,CA138,50,1961.1673,1961.1673,2373.2702,2373.2702,10.337817303807027,350,0,105.5207,0.0,0.19376978283786475,0.19376978283786475,0.0,0.19376978283786475,0.19376978283786475,2045.0,2045.0,0.4792,0.4792,1.5895,1.5895,63.60054484881737,333.71190623595726,901.1509029511877,3259.630634458727,0.0,63.60054484881737,333.71190623595726,1079.5607483899528,3850.143430556323,0.0
100,100,CA138,55,1961.1673,1961.1673,2785.3732,2785.3732,12.10581968733276,350,0,105.5207,0.0,0.19376978283786475,0.19376978283786475,0.0,0.19376978283786475,0.19376978283786475,2045.0,2045.0,0.4792,0.4792,1.5895,1.5895,63.60054484881737,333.71190623595726,901.1509029511877,3259.630634458727,0.0,63.60054484881737,333.71190623595726,1257.9705938287182,4440.656226653917,0.0
101,101,CA138,60,1961.1673,1961.1673,3197.4761,3197.4761,13.873822070858491,350,0,105.5207,0.0,0.19376978283786475,0.19376978283786475,0.0,0.19376978283786475,0.19376978283786475,2045.0,2045.0,0.4792,0.4792,1.5895,1.5895,63.60054484881737,333.71190623595726,901.1509029511877,3259.630634458727,0.0,63.60054484881737,333.71190623595726,1436.380439267483,5031.169022751514,0.0
102,102,CA138,65,1961.1673,1961.1673,3609.5791,3609.5791,15.641824454384231,350,0,105.5207,0.0,0.19376978283786475,0.19376978283786475,0.0,0.19376978283786475,0.19376978283786475,2045.0,2045.0,0.4792,0.4792,1.5895,1.5895,63.60054484881737,333.71190623595726,901.1509029511877,3259.630634458727,0.0,63.60054484881737,333.71190623595726,1614.790284706248,5621.681818849111,0.0
103,103,CA138,70,1961.1673,1961.1673,4021.682,4021.682,17.409826837909964,350,0,105.5207,0.0,0.19376978283786475,0.19376978283786475,0.0,0.19376978283786475,0.19376978283786475,2045.0,2045.0,0.4792,0.4792,1.5895,1.5895,63.60054484881737,333.71190623595726,901.1509029511877,3259.630634458727,0.0,63.60054484881737,333.71190623595726,1793.2001301450134,6212.194614946704,0.0
104,104,CA138,75,1961.1673,1961.1673,4433.785,4433.785,19.177829221435708,350,0,105.5207,0.0,0.19376978283786475,0.19376978283786475,0.0,0.19376978283786475,0.19376978283786475,2045.0,2045.0,0.4792,0.4792,1.5895,1.5895,63.60054484881737,333.71190623595726,901.1509029511877,3259.630634458727,0.0,63.60054484881737,333.71190623595726,1971.6099755837784,6802.707411044299,0.0
105,105,CA133,45,108.7185,108.7185,108.7185,108.7185,0.5895323827732574,350,0,68.1179,0.0,0.03066441337026294,0.03066441337026294,0.0,0.03066441337026294,0.03066441337026294,2045.0,2045.0,1.9548,1.9548,10.0442,10.0442,46.99403975542139,333.71190623595726,88.18536566187188,577.6097618376465,0.0,46.99403975542139,333.71190623595726,88.18536566187188,577.6097618376465,0.0
106,106,CA133,50,108.7185,108.7185,181.7284,181.7284,0.9028241480674762,350,0,68.1179,0.0,0.03066441337026294,0.03066441337026294,0.0,0.03066441337026294,0.03066441337026294,2045.0,2045.0,1.9548,1.9548,10.0442,10.0442,46.99403975542139,333.71190623595726,88.18536566187188,577.6097618376465,0.0,46.99403975542139,333.71190623595726,119.81481616323534,682.2492114459159,0.0
107,107,CA133,55,108.7185,108.7185,254.7384,254.7384,1.2161159133616959,350,0,68.1179,0.0,0.03066441337026294,0.03066441337026294,0.0,0.03066441337026294,0.03066441337026294,2045.0,2045.0,1.9548,1.9548,10.0442,10.0442,46.99403975542139,333.71190623595726,88.18536566187188,577.6097618376465,0.0,46.99403975542139,333.71190623595726,151.44426666459873,786.8886610541851,0.0
108,108,CA133,60,108.7185,108.7185,327.7484,327.7484,1.5294076786559156,350,0,68.1179,0.0,0.03066441337026294,0.03066441337026294,0.0,0.03066441337026294,0.03066441337026294,2045.0,2045.0,1.9548,1.9548,10.0442,10.0442,46.99403975542139,333.71190623595726,88.18536566187188,577.6097618376465,0.0,46.99403975542139,333.71190623595726,183.07371716596214,891.5281106624541,0.0
109,109,CA133,65,108.7185,108.7185,400.7584,400.7584,1.8426994439501347,350,0,68.1179,0.0,0.03066441337026294,0.03066441337026294,0.0,0.03066441337026294,0.03066441337026294,2045.0,2045.0,1.9548,1.9548,10.0442,10.0442,46.99403975542139,333.71190623595726,88.18536566187188,577.6097618376465,0.0,46.99403975542139,333.71190623595726,214.70316766732557,996.1675602707238,0.0
110,110,CA133,70,108.7185,108.7185,473.7684,473.7684,2.155991209244355,350,0,68.1179,0.0,0.03066441337026294,0.03066441337026294,0.0,0.03066441337026294,0.03066441337026294,2045.0,2045.0,1.9548,1.9548,10.0442,10.0442,46.99403975542139,333.71190623595726,88.18536566187188,577.6097618376465,0.0,46.99403975542139,333.71190623595726,246.33261816868898,1100.8070098789929,0.0
111,111,CA133,75,108.7185,108.7185,546.7784,546.7784,2.469282974538574,350,0,68.1179,0.0,0.03066441337026294,0.03066441337026294,0.0,0.03066441337026294,0.03066441337026294,2045.0,2045.0,1.9548,1.9548,10.0442,10.0442,46.99403975542139,333.71190623595726,88.18536566187188,577.6097618376465,0.0,46.99403975542139,333.71190623595726,277.9620686700525,1205.4464594872622,0.0
112,112,CAN88,45,2415.945,2415.945,2415.945,2415.945,10.511539796483934,350,0,45.8818,0.0,0.21796288889517432,0.21796288889517432,0.0,0.21796288889517432,0.21796288889517432,2045.0,2045.0,0.1852,0.1852,1.4131,1.4131,28.67495297321982,333.71190623595726,1094.9092433293563,3873.24115123481,0.0,28.67495297321982,333.71190623595726,1094.9092433293563,3873.24115123481,0.0
113,113,CAN88,50,2415.945,2415.945,2905.3429,2905.3429,12.61236051983875,350,0,45.8818,0.0,0.21796288889517432,0.21796288889517432,0.0,0.21796288889517432,0.21796288889517432,2045.0,2045.0,0.1852,0.1852,1.4131,1.4131,28.67495297321982,333.71190623595726,1094.9092433293563,3873.24115123481,0.0,28.67495297321982,333.71190623595726,1307.185477230231,4574.9152728353165,0.0
114,114,CAN88,55,2415.945,2415.945,3394.7408,3394.7408,14.713181243193564,350,0,45.8818,0.0,0.21796288889517432,0.21796288889517432,0.0,0.21796288889517432,0.21796288889517432,2045.0,2045.0,0.1852,0.1852,1.4131,1.4131,28.67495297321982,333.71190623595726,1094.9092433293563,3873.24115123481,0.0,28.67495297321982,333.71190623595726,1519.4617111311056,5276.589394435827,0.0
115,115,CAN88,60,2415.945,2415.945,3884.1387,3884.1387,16.814001966548386,350,0,45.8818,0.0,0.21796288889517432,0.21796288889517432,0.0,0.21796288889517432,0.21796288889517432,2045.0,2045.0,0.1852,0.1852,1.4131,1.4131,28.67495297321982,333.71190623595726,1094.9092433293563,3873.24115123481,0.0,28.67495297321982,333.71190623595726,1731.73794503198,5978.263516036338,0.0
116,116,CAN88,65,2415.945,2415.945,4373.5366,4373.5366,18.914822689903204,350,0,45.8818,0.0,0.21796288889517432,0.21796288889517432,0.0,0.21796288889517432,0.21796288889517432,2045.0,2045.0,0.1852,0.1852,1.4131,1.4131,28.67495297321982,333.71190623595726,1094.9092433293563,3873.24115123481,0.0,28.67495297321982,333.71190623595726,1944.0141789328547,6679.9376376368455,0.0
117,117,CAN88,70,2415.945,2415.945,4862.9345,4862.9345,21.015643413258022,350,0,45.8818,0.0,0.21796288889517432,0.21796288889517432,0.0,0.21796288889517432,0.21796288889517432,2045.0,2045.0,0.1852,0.1852,1.4131,1.4131,28.67495297321982,333.71190623595726,1094.9092433293563,3873.24115123481,0.0,28.67495297321982,333.71190623595726,2156.29041283373,7381.611759237356,0.0
118,118,CAN88,75,2415.945,2415.945,5352.3324,5352.3324,23.116464136612837,350,0,45.8818,0.0,0.21796288889517432,0.21796288889517432,0.0,0.21796288889517432,0.21796288889517432,2045.0,2045.0,0.1852,0.1852,1.4131,1.4131,28.67495297321982,333.71190623595726,1094.9092433293563,3873.24115123481,0.0,28.67495297321982,333.71190623595726,2368.5666467346036,8083.285880837865,0.0
119,119,CAN372,45,2344.3734,2344.3734,2344.3734,2344.3734,10.199748310183049,350,0,104.3083,0.0,0.21565010087573283,0.21565010087573283,0.0,0.21565010087573283,0.21565010087573283,2045.0,2045.0,0.4256,0.4256,1.4282,1.4282,65.93858980245092,333.71190623595726,1062.3425203750078,3806.366431639545,0.0,65.93858980245092,333.71190623595726,1062.3425203750078,3806.366431639545,0.0
120,120,CAN372,50,2344.3734,2344.3734,2825.6198,2825.6198,12.264296622059048,350,0,104.3083,0.0,0.21565010087573283,0.21565010087573283,0.0,0.21565010087573283,0.21565010087573283,2045.0,2045.0,0.4256,0.4256,1.4282,1.4282,65.93858980245092,333.71190623595726,1062.3425203750078,3806.366431639545,0.0,65.93858980245092,333.71190623595726,1270.6552355914444,4495.925567806131,0.0
121,121,CAN372,55,2344.3734,2344.3734,3306.8663,3306.8663,14.328844933935049,350,0,104.3083,0.0,0.21565010087573283,0.21565010087573283,0.0,0.21565010087573283,0.21565010087573283,2045.0,2045.0,0.4256,0.4256,1.4282,1.4282,65.93858980245092,333.71190623595726,1062.3425203750078,3806.366431639545,0.0,65.93858980245092,333.71190623595726,1478.9679508078816,5185.484703972712,0.0
122,122,CAN372,60,2344.3734,2344.3734,3788.1127,3788.1127,16.393393245811048,350,0,104.3083,0.0,0.21565010087573283,0.21565010087573283,0.0,0.21565010087573283,0.21565010087573283,2045.0,2045.0,0.4256,0.4256,1.4282,1.4282,65.93858980245092,333.71190623595726,1062.3425203750078,3806.366431639545,0.0,65.93858980245092,333.71190623595726,1687.2806660243175,5875.0438401392985,0.0
123,123,CAN372,65,2344.3734,2344.3734,4269.3591,4269.3591,18.457941557687047,350,0,104.3083,0.0,0.21565010087573283,0.21565010087573283,0.0,0.21565010087573283,0.21565010087573283,2045.0,2045.0,0.4256,0.4256,1.4282,1.4282,65.93858980245092,333.71190623595726,1062.3425203750078,3806.366431639545,0.0,65.93858980245092,333.71190623595726,1895.5933812407543,6564.60297630588,0.0
124,124,CAN372,70,2344.3734,2344.3734,4750.6055,4750.6055,20.52248986956305,350,0,104.3083,0.0,0.21565010087573283,0.21565010087573283,0.0,0.21565010087573283,0.21565010087573283,2045.0,2045.0,0.4256,0.4256,1.4282,1.4282,65.93858980245092,333.71190623595726,1062.3425203750078,3806.366431639545,0.0,65.93858980245092,333.71190623595726,2103.906096457191,7254.162112472464,0.0
125,125,CAN372,75,2344.3734,2344.3734,5231.8519,5231.8519,22.58703818143905,350,0,104.3083,0.0,0.21565010087573283,0.21565010087573283,0.0,0.21565010087573283,0.21565010087573283,2045.0,2045.0,0.4256,0.4256,1.4282,1.4282,65.93858980245092,333.71190623595726,1062.3425203750078,3806.366431639545,0.0,65.93858980245092,333.71190623595726,2312.2188116736284,7943.721248639051,0.0
126,126,CAN364,45,682.8275,682.8275,682.8275,682.8275,3.0637822946616016,350,0,9.0987,0.0,0.07413327550375413,0.07413327550375413,0.0,0.07413327550375413,0.07413327550375413,2045.0,2045.0,0.108,0.108,4.1547,4.1547,5.629873564427866,333.71190623595726,340.47576862650965,1362.64506621736,0.0,5.629873564427866,333.71190623595726,340.47576862650965,1362.64506621736,0.0
127,127,CAN364,50,682.8275,682.8275,854.9015,854.9015,3.8028720858495295,350,0,9.0987,0.0,0.07413327550375413,0.07413327550375413,0.0,0.07413327550375413,0.07413327550375413,2045.0,2045.0,0.108,0.108,4.1547,4.1547,5.629873564427866,333.71190623595726,340.47576862650965,1362.64506621736,0.0,5.629873564427866,333.71190623595726,415.2577746581505,1609.501056474128,0.0
128,128,CAN364,55,682.8275,682.8275,1026.9755,1026.9755,4.541961877037458,350,0,9.0987,0.0,0.07413327550375413,0.07413327550375413,0.0,0.07413327550375413,0.07413327550375413,2045.0,2045.0,0.108,0.108,4.1547,4.1547,5.629873564427866,333.71190623595726,340.47576862650965,1362.64506621736,0.0,5.629873564427866,333.71190623595726,490.03978068979137,1856.3570467308964,0.0
129,129,CAN364,60,682.8275,682.8275,1199.0495,1199.0495,5.281051668225386,350,0,9.0987,0.0,0.07413327550375413,0.07413327550375413,0.0,0.07413327550375413,0.07413327550375413,2045.0,2045.0,0.108,0.108,4.1547,4.1547,5.629873564427866,333.71190623595726,340.47576862650965,1362.64506621736,0.0,5.629873564427866,333.71190623595726,564.8217867214322,2103.213036987664,0.0
130,130,CAN364,65,682.8275,682.8275,1371.1235,1371.1235,6.020141459413315,350,0,9.0987,0.0,0.07413327550375413,0.07413327550375413,0.0,0.07413327550375413,0.07413327550375413,2045.0,2045.0,0.108,0.108,4.1547,4.1547,5.629873564427866,333.71190623595726,340.47576862650965,1362.64506621736,0.0,5.629873564427866,333.71190623595726,639.6037927530731,2350.0690272444326,0.0
131,131,CAN364,70,682.8275,682.8275,1543.1974,1543.1974,6.759231250601244,350,0,9.0987,0.0,0.07413327550375413,0.07413327550375413,0.0,0.07413327550375413,0.07413327550375413,2045.0,2045.0,0.108,0.108,4.1547,4.1547,5.629873564427866,333.71190623595726,340.47576862650965,1362.64506621736,0.0,5.629873564427866,333.71190623595726,714.3857987847142,2596.9250175011994,0.0
132,132,CAN364,75,682.8275,682.8275,1715.2714,1715.2714,7.498321041789168,350,0,9.0987,0.0,0.07413327550375413,0.07413327550375413,0.0,0.07413327550375413,0.07413327550375413,2045.0,2045.0,0.108,0.108,4.1547,4.1547,5.629873564427866,333.71190623595726,340.47576862650965,1362.64506621736,0.0,5.629873564427866,333.71190623595726,789.1678048163549,2843.7810077579693,0.0
133,133,CAN332,45,1086.943,1086.943,1086.943,1086.943,4.791089676180563,350,0,53.0521,0.0,0.106218446457427,0.106218446457427,0.0,0.106218446457427,0.106218446457427,2045.0,2045.0,0.4395,0.4395,2.8997,2.8997,35.22581962363841,333.71190623595726,513.2809213044543,1969.161677703904,0.0,35.22581962363841,333.71190623595726,513.2809213044543,1969.161677703904,0.0
134,134,CAN332,50,1086.943,1086.943,1335.893,1335.893,5.8591501192639095,350,0,53.0521,0.0,0.106218446457427,0.106218446457427,0.0,0.106218446457427,0.106218446457427,2045.0,2045.0,0.4395,0.4395,2.8997,2.8997,35.22581962363841,333.71190623595726,513.2809213044543,1969.161677703904,0.0,35.22581962363841,333.71190623595726,621.0631378658979,2325.893865693741,0.0
135,135,CAN332,55,1086.943,1086.943,1584.843,1584.843,6.9272105623472555,350,0,53.0521,0.0,0.106218446457427,0.106218446457427,0.0,0.106218446457427,0.106218446457427,2045.0,2045.0,0.4395,0.4395,2.8997,2.8997,35.22581962363841,333.71190623595726,513.2809213044543,1969.161677703904,0.0,35.22581962363841,333.71190623595726,728.8453544273422,2682.6260536835803,0.0
136,136,CAN332,60,1086.943,1086.943,1833.7929,1833.7929,7.995271005430605,350,0,53.0521,0.0,0.106218446457427,0.106218446457427,0.0,0.106218446457427,0.106218446457427,2045.0,2045.0,0.4395,0.4395,2.8997,2.8997,35.22581962363841,333.71190623595726,513.2809213044543,1969.161677703904,0.0,35.22581962363841,333.71190623595726,836.6275709887859,3039.3582416734175,0.0
137,137,CAN332,65,1086.943,1086.943,2082.7429,2082.7429,9.063331448513948,350,0,53.0521,0.0,0.106218446457427,0.106218446457427,0.0,0.106218446457427,0.106218446457427,2045.0,2045.0,0.4395,0.4395,2.8997,2.8997,35.22581962363841,333.71190623595726,513.2809213044543,1969.161677703904,0.0,35.22581962363841,333.71190623595726,944.4097875502293,3396.0904296632543,0.0
138,138,CAN332,70,1086.943,1086.943,2331.6929,2331.6929,10.131391891597294,350,0,53.0521,0.0,0.106218446457427,0.106218446457427,0.0,0.106218446457427,0.106218446457427,2045.0,2045.0,0.4395,0.4395,2.8997,2.8997,35.22581962363841,333.71190623595726,513.2809213044543,1969.161677703904,0.0,35.22581962363841,333.71190623595726,1052.1920041116734,3752.822617653092,0.0
139,139,CAN332,75,1086.943,1086.943,2580.6429,2580.6429,11.199452334680641,350,0,53.0521,0.0,0.106218446457427,0.106218446457427,0.0,0.106218446457427,0.106218446457427,2045.0,2045.0,0.4395,0.4395,2.8997,2.8997,35.22581962363841,333.71190623595726,513.2809213044543,1969.161677703904,0.0,35.22581962363841,333.71190623595726,1159.9742206731175,4109.554805642929,0.0
140,140,CAN323,45,554.8503,554.8503,554.8503,554.8503,2.4892525246743413,350,0,97.3428,0.0,0.06219951613842926,0.06219951613842926,0.0,0.06219951613842926,0.06219951613842926,2045.0,2045.0,1.3772,1.3772,4.9518,4.9518,70.24790053073639,333.71190623595726,276.5600074018573,1235.3701500079233,0.0,70.24790053073639,333.71190623595726,276.5600074018573,1235.3701500079233,0.0
141,141,CAN323,50,554.8503,554.8503,710.8759,710.8759,3.159309231916336,350,0,97.3428,0.0,0.06219951613842926,0.06219951613842926,0.0,0.06219951613842926,0.06219951613842926,2045.0,2045.0,1.3772,1.3772,4.9518,4.9518,70.24790053073639,333.71190623595726,276.5600074018573,1235.3701500079233,0.0,70.24790053073639,333.71190623595726,344.33342668733803,1459.1690902267508,0.0
142,142,CAN323,55,554.8503,554.8503,866.9014,866.9014,3.829365939158333,350,0,97.3428,0.0,0.06219951613842926,0.06219951613842926,0.0,0.06219951613842926,0.06219951613842926,2045.0,2045.0,1.3772,1.3772,4.9518,4.9518,70.24790053073639,333.71190623595726,276.5600074018573,1235.3701500079233,0.0,70.24790053073639,333.71190623595726,412.10684597281886,1682.9680304455762,0.0
143,143,CAN323,60,554.8503,554.8503,1022.9269,1022.9269,4.49942264640033,350,0,97.3428,0.0,0.06219951613842926,0.06219951613842926,0.0,0.06219951613842926,0.06219951613842926,2045.0,2045.0,1.3772,1.3772,4.9518,4.9518,70.24790053073639,333.71190623595726,276.5600074018573,1235.3701500079233,0.0,70.24790053073639,333.71190623595726,479.8802652582997,1906.7669706644042,0.0
144,144,CAN323,65,554.8503,554.8503,1178.9524,1178.9524,5.169479353642327,350,0,97.3428,0.0,0.06219951613842926,0.06219951613842926,0.0,0.06219951613842926,0.06219951613842926,2045.0,2045.0,1.3772,1.3772,4.9518,4.9518,70.24790053073639,333.71190623595726,276.5600074018573,1235.3701500079233,0.0,70.24790053073639,333.71190623595726,547.6536845437804,2130.565910883232,0.0
145,145,CAN323,70,554.8503,554.8503,1334.9779,1334.9779,5.839536060884322,350,0,97.3428,0.0,0.06219951613842926,0.06219951613842926,0.0,0.06219951613842926,0.06219951613842926,2045.0,2045.0,1.3772,1.3772,4.9518,4.9518,70.24790053073639,333.71190623595726,276.5600074018573,1235.3701500079233,0.0,70.24790053073639,333.71190623595726,615.4271038292611,2354.364851102057,0.0
146,146,CAN323,75,554.8503,554.8503,1491.0035,1491.0035,6.509592768126319,350,0,97.3428,0.0,0.06219951613842926,0.06219951613842926,0.0,0.06219951613842926,0.06219951613842926,2045.0,2045.0,1.3772,1.3772,4.9518,4.9518,70.24790053073639,333.71190623595726,276.5600074018573,1235.3701500079233,0.0,70.24790053073639,333.71190623595726,683.2005231147418,2578.163791320884,0.0
147,147,CAN264,45,2672.4609,2672.4609,2672.4609,2672.4609,4.323944612806879,960,0,54.3311,0.0,0.27593503546033304,0.27593503546033304,0.0,0.27593503546033304,0.27593503546033304,2045.0,2045.0,0.1733,0.1733,3.0616,3.0616,33.88176376033673,915.3240856757685,1283.9483913687811,4905.615170154402,0.0,33.88176376033673,915.3240856757685,1283.9483913687811,4905.615170154402,0.0
148,148,CAN264,50,2672.4609,2672.4609,3292.8895,3292.8895,5.2951996952006395,960,0,54.3311,0.0,0.27593503546033304,0.27593503546033304,0.0,0.27593503546033304,0.27593503546033304,2045.0,2045.0,0.1733,0.1733,3.0616,3.0616,33.88176376033673,915.3240856757685,1283.9483913687811,4905.615170154402,0.0,33.88176376033673,915.3240856757685,1552.2182334761844,5794.31357054469,0.0
149,149,CAN264,55,2672.4609,2672.4609,3913.318,3913.318,6.266454777594399,960,0,54.3311,0.0,0.27593503546033304,0.27593503546033304,0.0,0.27593503546033304,0.27593503546033304,2045.0,2045.0,0.1733,0.1733,3.0616,3.0616,33.88176376033673,915.3240856757685,1283.9483913687811,4905.615170154402,0.0,33.88176376033673,915.3240856757685,1820.4880755835868,6683.011970934978,0.0
150,150,CAN264,60,2672.4609,2672.4609,4533.7466,4533.7466,7.237709859988158,960,0,54.3311,0.0,0.27593503546033304,0.27593503546033304,0.0,0.27593503546033304,0.27593503546033304,2045.0,2045.0,0.1733,0.1733,3.0616,3.0616,33.88176376033673,915.3240856757685,1283.9483913687811,4905.615170154402,0.0,33.88176376033673,915.3240856757685,2088.757917690989,7571.710371325272,0.0
151,151,CAN264,65,2672.4609,2672.4609,5154.1752,5154.1752,8.208964942381916,960,0,54.3311,0.0,0.27593503546033304,0.27593503546033304,0.0,0.27593503546033304,0.27593503546033304,2045.0,2045.0,0.1733,0.1733,3.0616,3.0616,33.88176376033673,915.3240856757685,1283.9483913687811,4905.615170154402,0.0,33.88176376033673,915.3240856757685,2357.027759798392,8460.408771715563,0.0
152,152,CAN264,70,2672.4609,2672.4609,5774.6037,5774.6037,9.18022002477568,960,0,54.3311,0.0,0.27593503546033304,0.27593503546033304,0.0,0.27593503546033304,0.27593503546033304,2045.0,2045.0,0.1733,0.1733,3.0616,3.0616,33.88176376033673,915.3240856757685,1283.9483913687811,4905.615170154402,0.0,33.88176376033673,915.3240856757685,2625.2976019057955,9349.107172105847,0.0
153,153,CAN264,75,2672.4609,2672.4609,6395.0323,6395.0323,10.151475107169436,960,0,54.3311,0.0,0.27593503546033304,0.27593503546033304,0.0,0.27593503546033304,0.27593503546033304,2045.0,2045.0,0.1733,0.1733,3.0616,3.0616,33.88176376033673,915.3240856757685,1283.9483913687811,4905.615170154402,0.0,33.88176376033673,915.3240856757685,2893.567444013199,10237.805572496134,0.0
154,154,CAN256,45,14.2462,14.2462,14.2462,14.2462,0.1288236605285966,960,0,52.0429,0.0,0.05389734165058803,0.05389734165058803,0.0,0.05389734165058803,0.05389734165058803,2045.0,2045.0,0.8497,0.8497,15.6742,15.6742,37.431716276935035,915.3240856757685,103.62740107757422,1070.629451336369,0.0,37.431716276935035,915.3240856757685,103.62740107757422,1070.629451336369,0.0
155,155,CAN256,50,14.2462,14.2462,149.4764,149.4764,0.34079591271367,960,0,52.0429,0.0,0.05389734165058803,0.05389734165058803,0.0,0.05389734165058803,0.05389734165058803,2045.0,2045.0,0.8497,0.8497,15.6742,15.6742,37.431716276935035,915.3240856757685,103.62740107757422,1070.629451336369,0.0,37.431716276935035,915.3240856757685,162.35189773770765,1264.5840620857118,0.0
156,156,CAN256,55,14.2462,14.2462,284.7065,284.7065,0.5527681648987435,960,0,52.0429,0.0,0.05389734165058803,0.05389734165058803,0.0,0.05389734165058803,0.05389734165058803,2045.0,2045.0,0.8497,0.8497,15.6742,15.6742,37.431716276935035,915.3240856757685,103.62740107757422,1070.629451336369,0.0,37.431716276935035,915.3240856757685,221.076394397841,1458.5386728350545,0.0
157,157,CAN256,60,14.2462,14.2462,419.9366,419.9366,0.764740417083817,960,0,52.0429,0.0,0.05389734165058803,0.05389734165058803,0.0,0.05389734165058803,0.05389734165058803,2045.0,2045.0,0.8497,0.8497,15.6742,15.6742,37.431716276935035,915.3240856757685,103.62740107757422,1070.629451336369,0.0,37.431716276935035,915.3240856757685,279.80089105797435,1652.493283584396,0.0
158,158,CAN256,65,14.2462,14.2462,555.1667,555.1667,0.9767126692688906,960,0,52.0429,0.0,0.05389734165058803,0.05389734165058803,0.0,0.05389734165058803,0.05389734165058803,2045.0,2045.0,0.8497,0.8497,15.6742,15.6742,37.431716276935035,915.3240856757685,103.62740107757422,1070.629451336369,0.0,37.431716276935035,915.3240856757685,338.5253877181078,1846.4478943337383,0.0
159,159,CAN256,70,14.2462,14.2462,690.3968,690.3968,1.1886849214539643,960,0,52.0429,0.0,0.05389734165058803,0.05389734165058803,0.0,0.05389734165058803,0.05389734165058803,2045.0,2045.0,0.8497,0.8497,15.6742,15.6742,37.431716276935035,915.3240856757685,103.62740107757422,1070.629451336369,0.0,37.431716276935035,915.3240856757685,397.2498843782413,2040.4025050830803,0.0
160,160,CAN256,75,14.2462,14.2462,825.6269,825.6269,1.4006571736390379,960,0,52.0429,0.0,0.05389734165058803,0.05389734165058803,0.0,0.05389734165058803,0.05389734165058803,2045.0,2045.0,0.8497,0.8497,15.6742,15.6742,37.431716276935035,915.3240856757685,103.62740107757422,1070.629451336369,0.0,37.431716276935035,915.3240856757685,455.97438103837464,2234.357115832423,0.0
161,161,CAN236,45,581.1514,581.1514,581.1514,581.1514,2.6108044231507423,350,0,144.569,0.0,0.06784769913842337,0.06784769913842337,0.0,0.06784769913842337,0.06784769913842337,2045.0,2045.0,1.8751,1.8751,4.5396,4.5396,101.27714538541657,333.71190623595726,290.85724226438083,1306.997728953722,0.0,101.27714538541657,333.71190623595726,290.85724226438083,1306.997728953722,0.0
162,162,CAN236,50,581.1514,581.1514,746.2955,746.2955,3.3197114617657517,350,0,144.569,0.0,0.06784769913842337,0.06784769913842337,0.0,0.06784769913842337,0.06784769913842337,2045.0,2045.0,1.8751,1.8751,4.5396,4.5396,101.27714538541657,333.71190623595726,290.85724226438083,1306.997728953722,0.0,101.27714538541657,333.71190623595726,362.4881177210371,1543.7726798511355,0.0
163,163,CAN236,55,581.1514,581.1514,911.4396,911.4396,4.028618500380762,350,0,144.569,0.0,0.06784769913842337,0.06784769913842337,0.0,0.06784769913842337,0.06784769913842337,2045.0,2045.0,1.8751,1.8751,4.5396,4.5396,101.27714538541657,333.71190623595726,290.85724226438083,1306.997728953722,0.0,101.27714538541657,333.71190623595726,434.11899317769377,1780.5476307485494,0.0
164,164,CAN236,60,581.1514,581.1514,1076.5837,1076.5837,4.737525538995771,350,0,144.569,0.0,0.06784769913842337,0.06784769913842337,0.0,0.06784769913842337,0.06784769913842337,2045.0,2045.0,1.8751,1.8751,4.5396,4.5396,101.27714538541657,333.71190623595726,290.85724226438083,1306.997728953722,0.0,101.27714538541657,333.71190623595726,505.74986863435015,2017.3225816459624,0.0
165,165,CAN236,65,581.1514,581.1514,1241.7277,1241.7277,5.446432577610784,350,0,144.569,0.0,0.06784769913842337,0.06784769913842337,0.0,0.06784769913842337,0.06784769913842337,2045.0,2045.0,1.8751,1.8751,4.5396,4.5396,101.27714538541657,333.71190623595726,290.85724226438083,1306.997728953722,0.0,101.27714538541657,333.71190623595726,577.3807440910065,2254.097532543376,0.0
166,166,CAN236,70,581.1514,581.1514,1406.8718,1406.8718,6.155339616225793,350,0,144.569,0.0,0.06784769913842337,0.06784769913842337,0.0,0.06784769913842337,0.06784769913842337,2045.0,2045.0,1.8751,1.8751,4.5396,4.5396,101.27714538541657,333.71190623595726,290.85724226438083,1306.997728953722,0.0,101.27714538541657,333.71190623595726,649.0116195476633,2490.872483440789,0.0
167,167,CAN236,75,581.1514,581.1514,1572.0159,1572.0159,6.864246654840803,350,0,144.569,0.0,0.06784769913842337,0.06784769913842337,0.0,0.06784769913842337,0.06784769913842337,2045.0,2045.0,1.8751,1.8751,4.5396,4.5396,101.27714538541657,333.71190623595726,290.85724226438083,1306.997728953722,0.0,101.27714538541657,333.71190623595726,720.6424950043195,2727.647434338201,0.0
168,168,CAN229,45,1377.9808,1377.9808,1377.9808,1377.9808,6.048251584433245,350,0,200.4033,0.0,0.13798301903525192,0.13798301903525192,0.0,0.13798301903525192,0.13798301903525192,2045.0,2045.0,1.2781,1.2781,2.2322,2.2322,130.5663577748562,333.71190623595726,642.1351926244366,2484.3942932115183,0.0,130.5663577748562,333.71190623595726,642.1351926244366,2484.3942932115183,0.0
169,169,CAN229,50,1377.9808,1377.9808,1692.0804,1692.0804,7.395770835719544,350,0,200.4033,0.0,0.13798301903525192,0.13798301903525192,0.0,0.13798301903525192,0.13798301903525192,2045.0,2045.0,1.2781,1.2781,2.2322,2.2322,130.5663577748562,333.71190623595726,642.1351926244366,2484.3942932115183,0.0,130.5663577748562,333.71190623595726,778.1070251333721,2934.4657231411406,0.0
170,170,CAN229,55,1377.9808,1377.9808,2006.18,2006.18,8.743290087005839,350,0,200.4033,0.0,0.13798301903525192,0.13798301903525192,0.0,0.13798301903525192,0.13798301903525192,2045.0,2045.0,1.2781,1.2781,2.2322,2.2322,130.5663577748562,333.71190623595726,642.1351926244366,2484.3942932115183,0.0,130.5663577748562,333.71190623595726,914.0788576423076,3384.537153070763,0.0
171,171,CAN229,60,1377.9808,1377.9808,2320.2796,2320.2796,10.090809338292132,350,0,200.4033,0.0,0.13798301903525192,0.13798301903525192,0.0,0.13798301903525192,0.13798301903525192,2045.0,2045.0,1.2781,1.2781,2.2322,2.2322,130.5663577748562,333.71190623595726,642.1351926244366,2484.3942932115183,0.0,130.5663577748562,333.71190623595726,1050.0506901512433,3834.608583000386,0.0
172,172,CAN229,65,1377.9808,1377.9808,2634.3792,2634.3792,11.43832858957843,350,0,200.4033,0.0,0.13798301903525192,0.13798301903525192,0.0,0.13798301903525192,0.13798301903525192,2045.0,2045.0,1.2781,1.2781,2.2322,2.2322,130.5663577748562,333.71190623595726,642.1351926244366,2484.3942932115183,0.0,130.5663577748562,333.71190623595726,1186.022522660178,4284.680012930009,0.0
173,173,CAN229,70,1377.9808,1377.9808,2948.4788,2948.4788,12.785847840864728,350,0,200.4033,0.0,0.13798301903525192,0.13798301903525192,0.0,0.13798301903525192,0.13798301903525192,2045.0,2045.0,1.2781,1.2781,2.2322,2.2322,130.5663577748562,333.71190623595726,642.1351926244366,2484.3942932115183,0.0,130.5663577748562,333.71190623595726,1321.994355169114,4734.751442859631,0.0
174,174,CAN229,75,1377.9808,1377.9808,3262.5784,3262.5784,14.13336709215102,350,0,200.4033,0.0,0.13798301903525192,0.13798301903525192,0.0,0.13798301903525192,0.13798301903525192,2045.0,2045.0,1.2781,1.2781,2.2322,2.2322,130.5663577748562,333.71190623595726,642.1351926244366,2484.3942932115183,0.0,130.5663577748562,333.71190623595726,1457.9661876780492,5184.822872789254,0.0
175,175,CAN180,45,-802.843,-802.843,-802.843,-802.843,0.0,960,0,2.5117,0.0,0.006844153112613336,0.006844153112613336,0.0,0.006844153112613336,0.006844153112613336,2045.0,2045.0,0.3229,0.3229,123.4338,123.4338,1.388643450331653,915.3240856757685,0.0,113.86976009721674,0.0,1.388643450331653,915.3240856757685,0.0,113.86976009721674,0.0
176,176,CAN180,50,-802.843,-802.843,-782.2144,-782.2144,0.0,960,0,2.5117,0.0,0.006844153112613336,0.006844153112613336,0.0,0.006844153112613336,0.006844153112613336,2045.0,2045.0,0.3229,0.3229,123.4338,123.4338,1.388643450331653,915.3240856757685,0.0,113.86976009721674,0.0,1.388643450331653,915.3240856757685,0.0,134.49833982497344,0.0
177,177,CAN180,55,-802.843,-802.843,-761.5858,-761.5858,0.0,960,0,2.5117,0.0,0.006844153112613336,0.006844153112613336,0.0,0.006844153112613336,0.006844153112613336,2045.0,2045.0,0.3229,0.3229,123.4338,123.4338,1.388643450331653,915.3240856757685,0.0,113.86976009721674,0.0,1.388643450331653,915.3240856757685,0.0,155.12691955273007,0.0
178,178,CAN180,60,-802.843,-802.843,-740.9572,-740.9572,0.0,960,0,2.5117,0.0,0.006844153112613336,0.006844153112613336,0.0,0.006844153112613336,0.006844153112613336,2045.0,2045.0,0.3229,0.3229,123.4338,123.4338,1.388643450331653,915.3240856757685,0.0,113.86976009721674,0.0,1.388643450331653,915.3240856757685,0.0,175.7554992804867,0.0
179,179,CAN180,65,-802.843,-802.843,-720.3287,-720.3287,0.0,960,0,2.5117,0.0,0.006844153112613336,0.006844153112613336,0.0,0.006844153112613336,0.006844153112613336,2045.0,2045.0,0.3229,0.3229,123.4338,123.4338,1.388643450331653,915.3240856757685,0.0,113.86976009721674,0.0,1.388643450331653,915.3240856757685,0.0,196.3840790082434,0.0
180,180,CAN180,70,-802.843,-802.843,-699.7001,-699.7001,0.0,960,0,2.5117,0.0,0.006844153112613336,0.006844153112613336,0.0,0.006844153112613336,0.006844153112613336,2045.0,2045.0,0.3229,0.3229,123.4338,123.4338,1.388643450331653,915.3240856757685,0.0,113.86976009721674,0.0,1.388643450331653,915.3240856757685,0.0,217.0126587360001,0.0
181,181,CAN180,75,-802.843,-802.843,-679.0715,-679.0715,0.0,960,0,2.5117,0.0,0.006844153112613336,0.006844153112613336,0.0,0.006844153112613336,0.006844153112613336,2045.0,2045.0,0.3229,0.3229,123.4338,123.4338,1.388643450331653,915.3240856757685,0.0,113.86976009721674,0.0,1.388643450331653,915.3240856757685,0.0,237.6412384637567,0.0
182,182,CAN155,45,1482.1128,1482.1128,1482.1128,1482.1128,2.477349664910172,960,0,21.4839,0.0,0.19054690094875498,0.19054690094875498,0.0,0.19054690094875498,0.19054690094875498,2045.0,2045.0,0.0992,0.0992,4.4336,4.4336,12.236367300214457,915.3240856757685,784.6621561870401,3194.335396368791,0.0,12.236367300214457,915.3240856757685,784.6621561870401,3194.335396368791,0.0
183,183,CAN155,50,1482.1128,1482.1128,1886.086,1886.086,3.109791138809118,960,0,21.4839,0.0,0.19054690094875498,0.19054690094875498,0.0,0.19054690094875498,0.19054690094875498,2045.0,2045.0,0.0992,0.0992,4.4336,4.4336,12.236367300214457,915.3240856757685,784.6621561870401,3194.335396368791,0.0,12.236367300214457,915.3240856757685,959.3729412295596,3773.019344986326,0.0
184,184,CAN155,55,1482.1128,1482.1128,2290.0591,2290.0591,3.742232612708061,960,0,21.4839,0.0,0.19054690094875498,0.19054690094875498,0.0,0.19054690094875498,0.19054690094875498,2045.0,2045.0,0.0992,0.0992,4.4336,4.4336,12.236367300214457,915.3240856757685,784.6621561870401,3194.335396368791,0.0,12.236367300214457,915.3240856757685,1134.0837262720797,4351.7032936038595,0.0
185,185,CAN155,60,1482.1128,1482.1128,2694.0323,2694.0323,4.374674086607008,960,0,21.4839,0.0,0.19054690094875498,0.19054690094875498,0.0,0.19054690094875498,0.19054690094875498,2045.0,2045.0,0.0992,0.0992,4.4336,4.4336,12.236367300214457,915.3240856757685,784.6621561870401,3194.335396368791,0.0,12.236367300214457,915.3240856757685,1308.794511314599,4930.387242221396,0.0
186,186,CAN155,65,1482.1128,1482.1128,3098.0054,3098.0054,5.007115560505951,960,0,21.4839,0.0,0.19054690094875498,0.19054690094875498,0.0,0.19054690094875498,0.19054690094875498,2045.0,2045.0,0.0992,0.0992,4.4336,4.4336,12.236367300214457,915.3240856757685,784.6621561870401,3194.335396368791,0.0,12.236367300214457,915.3240856757685,1483.5052963571188,5509.0711908389285,0.0
187,187,CAN155,70,1482.1128,1482.1128,3501.9786,3501.9786,5.6395570344048975,960,0,21.4839,0.0,0.19054690094875498,0.19054690094875498,0.0,0.19054690094875498,0.19054690094875498,2045.0,2045.0,0.0992,0.0992,4.4336,4.4336,12.236367300214457,915.3240856757685,784.6621561870401,3194.335396368791,0.0,12.236367300214457,915.3240856757685,1658.2160813996388,6087.755139456465,0.0
188,188,CAN155,75,1482.1128,1482.1128,3905.9518,3905.9518,6.271998508303844,960,0,21.4839,0.0,0.19054690094875498,0.19054690094875498,0.0,0.19054690094875498,0.19054690094875498,2045.0,2045.0,0.0992,0.0992,4.4336,4.4336,12.236367300214457,915.3240856757685,784.6621561870401,3194.335396368791,0.0,12.236367300214457,915.3240856757685,1832.9268664421581,6666.4390880739975,0.0
